"Sr.No","Type","Name of the University","Address","Zip","state","Status"
"1","Private","A.K.S. University","SherGanj, Satna","485001","Madhya Pradesh","2(f)"
"2","Private","A.P.G. (Alakh Prakash Goyal) Shimla University","Shogi- Mehli Bypass Road, Shimla, H.P 171013","171009","Himachal Pradesh","2(f)"
"3","Private","AAFT University of Media and Arts","Vill-Maath, Tehsil-Tilda, Dist-Raipur","493225","Chhattisgarh","2(f)"
"4","Private","Abhilashi University","Chailchowk (Chaichiot)Tehsil chachyot, distt. Mandi","175045","Himachal Pradesh","2(f)"
"5","Private","Abhyuday University","Garam Magriya, Khandwa Road, Khargone","451001","Madhya Pradesh","2(f)"
"6","Private","Adamas University","Barasat - Barrackpore Rd, 24 Parganas North, Jagannathpur, Kolkata, West Bengal Barberia, PO JagannathpurPS Barasat, Kolkata","700126","West Bengal","2(f)"
"7","Private","Adani University","Shantigram Township, Near Vaishnodevi Circle, Ahmedabad","382421","Gujarat","2(f)"
"8","Private","Adesh University","NH-7, Barnala Road, Bhucho, BathindaBathinda","151101","Punjab","2(f)"
"9","Private","Adichunchanagiri University","B G Nagara NH-75, Tq- Nagamangala,Dist- Mandya","571448","Karnataka","2(f)"
"10","Private","Agrawan Heritage University","Bamrauli Katara, Fatehabad Road, Agra","283125","Uttar Pradesh","2(f)"
"11","Private","Ahmedabad University","Ahmedabad University, Commerce Six Roads, Navrangpura, Ahmedabad, GujaratAhmedabad","380009","Gujarat","2(f) & 12(B)"
"12","Private","AIPH University","APEX Building, Pahal, Bhubaneswar-Cuttack NH16On Bhubneshwar-Cuttack Road, NH-5Bhubneshwar","752101","Odisha","2(f)"
"13","Private","AISECT University","Matwari Chowk, HazaribagMatwari, Distt.- HazaribagHazaribagh","825301","Jharkhand","2(f)"
"14","Private","Ajeenkya D.Y. Patil University","Charholi BudrukVia Lohegaon, Pune","412105","Maharashtra","2(f)"
"15","Private","Akal University","Talwandi SaboDist. Bhathinda","151302","Punjab","2(f)"
"16","Private","Al-Falah University","Faridabad","121004","Haryana","2(f)"
"17","Private","Al-Karim University","Sirsa, Karim Bagh, Katihar","854106","Bihar","2(f)"
"18","Private","Alard University","Alard Knowledge Park, Survey No. 47 and 50, Marunji, Near Rajiv Gandhi Park, IT Park, Hinjewadi, Pune","411057","Maharashtra","2(f)"
"19","Private","Alliance University","Chikkahagada Cross, Chandapura-Anekal Main Road, Bangalore","562106","Karnataka","2(f)"
"20","Private","Amaltas University","Dewas, Dewas-Ujjain State Highway, Bangar, District-Dewas","455001","Madhya Pradesh","2(f)"
"21","Private","Amity University","SP-1, Kant Kalwar, RIICO Industrial Area, NH-11C, Jaipur, RajasthanAjmer Road, Jaipur","303002","Rajasthan","2(f)"
"22","Private","AMITY University","Plot No. 4, Gautam Buddha Nagar, Sector-125, Noida, Uttar Pradesh PIN 201313Gautam Budh Nagar","201313","Uttar Pradesh","2(f)"
"23","Private","AMITY University","Panchgaon, Manesar, Gurgaon (Haryana)Panchgaon, ManesarDistt.Gurgaon","122413","Haryana","2(f)"
"24","Private","Amity University","Mumbai-Pune Expressway,Bhatan,Post - Somathne,Panvel,Mumbai","410206","Maharashtra","2(f)"
"25","Private","Amity University","Vill.: Manth (Kharora) ; Tehsil: Tilda ; Dist.: Raipur ; ChhattisgarhTehsil- Tilda, Dist.- Raipur","493225","Chhattisgarh","2(f)"
"26","Private","Amity University","Maharajpura, Gwalior Gwalior","474005","Madhya Pradesh","2(f)"
"27","Private","Amity University","Rajarhat,  New Town,  Dist. North 24 Parganas","700135","West Bengal","2(f)"
"28","Private","Amity University","NH 648 (Old 207), Beerasandra, Alurududdhanahalli Post, Devanahalli Taluk, Bengaluru Rural District,","562110","Karnataka","2(f)"
"29","Private","Amity University","Ranchi City Campus,Niwaranpur Adjoining Over Bridge, Main Road, Ranchi","834002","Jharkhand","2(f)"
"30","Private","Amity University","Sector-82 Alpha, IT City, S. A. A Nagar, Mohali","140306","Punjab","2(f)"
"31","Private","Amity University","Rupaspur, Bailey Road, Patna","801503","Bihar","2(f)"
"32","Private","Amrapali University","Shiksha Nagar, Village-Lamachaur, Kaladhungi Road,  Haldwani, Nanital","263139","Uttarakhand","2(f)"
"33","Private","Anant National University","Sanskardham CampusBhopal-Ghuma-Sanand RoadAhmedabad","380015","Gujarat","2(f)"
"34","Private","Anjaneya University","Knowledge Village, Naradha, Raipur","493111","Chhattisgarh","2(f)"
"35","Private","Anurag University","Venkatapur(V)Ghatkesar(M)Medchal-Malkajigiri (Dist.), Hyderabad","500088","Telangana","2(f)"
"36","Private","Apeejay Stya University","Sohna - Palwal Road, Sohna, Gurugram - 122103Gurgaon","122103","Haryana","2(f) & 12(B)"
"37","Private","Apex Professional University","NH 52, 2nd Mile, Gumin Nagar","791102","Arunachal Pradesh","2(f)"
"38","Private","Apex university","Jaipur, Rajasthan","303002","Rajasthan","2(f)"
"39","Private","Arka Jain University","Mohanpur, Gamharia , Dist- Seraikela KharsawanMohanpur,Gamharia, Dist. Seraikela Kharsawan","832108","Jharkhand","2(f)"
"40","Private","Arni University","Karthgarh, Tehsil, Indore,  Distt. Kangra","176401","Himachal Pradesh","2(f)"
"41","Private","Arunachal University of Studies","NH-52, Knowledge City, Distt., Namsai","792103","Arunachal Pradesh","2(f)"
"42","Private","Arunodaya University","Lekhi Village, Naharlagun, Itanagar, Distt. Papum Pare","791109","Arunachal Pradesh","2(f)"
"43","Private","Aryavart University","National Highway-46,  Jharkheda, Tehsil-Shyampur, Sehore","466001","Madhya Pradesh","2(f)"
"44","Private","ASBM University","Shiksha Vihar,PO-Bhola, Chandaka,Dist-Khurdha, Bhubaneswar","754012","Odisha","2(f)"
"45","Private","Ashoka University","Plot No. 2, Rajiv Gandhi Education City,Kundli, NCR Sonepat","131028","Haryana","2(f) & 12(B)"
"46","Private","Asian International University","Ghari, Awang Leikai,Dist- Imphal West","795140","Manipur","2(f)"
"47","Private","Assam Don Bosco University","Azara, Guwahati","781017","Assam","2(f) & 12(B)"
"48","Private","Assam Down Town University","Sankar Madhab Path, Gandhinagar, Panikhaiti, Guwahati","781026","Assam","2(f) & 12(B)"
"49","Private","ATLAS SKILLTECH UNIVERSITY","TOwer 1, Equinox Business Park, O?Bandra-Kurla Complex (BKC),LBS Marg, Kurla West, Mumbai","400070","Maharashtra","2(f)"
"50","Private","Atmiya University","Yogidham Gurukul, Kalawad Road, RajkotKalawad Road Rajkot","360005","Gujarat","2(f)"
"51","Private","Atria University","ASKB Campus1st Main Road, AGS Colony, Anandhnagar, Hebbal, Bangaluru","560024","Karnataka","2(f)"
"52","Private","Auniati University","Kaliapani, Teok, Dist. Jorhat","785112","Assam","2(f)"
"53","Private","AURO University, Surat","Earthspace, Hazira RoadOpposite ONGC, Surat, Gujarat.","394510","Gujarat","2(f)"
"54","Private","Avantika University","Avantika University, Vishwanathpuram, Lekoda Village, Ujjian, MP, IndiaLekoda VillageUjjain","456006","Madhya Pradesh","2(f)"
"55","Private","Azim Premji University","Bypass Road, Kanhasaiya, Tehsil-Huzur, Bhopal","462010","Madhya Pradesh","2(f)"
"56","Private","Azim Premji University","Survey No 66,Burugunte Village,Bikkanahalli Main Rd,Sarjapura, Bengaluru","562125","Karnataka","2(f)"
"57","Private","Baba Mast Nath University","ASTHAL BOHAR, ROHTAK Rohtak, Haryana.","124001","Haryana","2(f)"
"58","Private","Babu Banarasi Das University","55, Babu Banarasi Das Nagar, Lucknow","201206","Uttar Pradesh","2(f)"
"59","Private","Babu Dinesh Singh University","Farathiya, Garhwa","822114","Jharkhand","2(f)"
"60","Private","Baddi University of Emerging Sciences & Technology","Makhnumajra, BADDI, Distt. Solan","173205","Himachal Pradesh","2(f)"
"61","Private","Bahra University","Waknaghat Tehsil Kandaghat SolanTehsil-KandaghatDistt. Solan","173234","Himachal Pradesh","2(f)"
"62","Private","Bareilly International University","Rohilkhand Medical College Campus, Pilibhit Bypass Road,  Bareilly","243006","Uttar Pradesh","2(f)"
"63","Private","Bennett University","Plot No.8-11,Tech Zone II, Greater NoidaTechZone II,Greater Noida","201310","Uttar Pradesh","2(f)"
"64","Private","Bhabha University","NH-12, Hoshangabad, Jatkhedi, Bhopal","462026","Madhya Pradesh","2(f)"
"65","Private","Bhagwan Mahavir University","VIP Road, Vesu, SuratVesu, Surat","395007","Gujarat","2(f)"
"66","Private","Bhagwant Global University","Village & Post- Uttari Jhandi ChaurTehsil- Kotdwar, Distt.- Pauri Garhwal","246149","Uttarakhand","2(f)"
"67","Private","Bhagwant University","Sikar Road, Ajmer,","305 004","Rajasthan","2(f)"
"68","Private","Bhaikaka University","Gokal Nagar, Karamsad – 388325 Gujarat, India Karamsad","388325","Gujarat","2(f)"
"69","Private","Bharatiya Engineering Science and Technology Innovation University","Gownivaripalli, Gorantla Mandal, Anantapur","515231","Andhra Pradesh","2(f)"
"70","Private","Bharti Vishwavidyalay","ChankhuriDurg","491001","Chhattisgarh","2(f)"
"71","Private","Bhartiya Skill Development University","Plot No. SI/INST/001,Social Infrastructure Zone, Mahindra World City, Off Ajmer Road, Jaipur","302037","Rajasthan","2(f)"
"72","Private","Bhupal Nobles University","Maharana Pratap Station RoadSevashram Circle,Udaipur","313001","Rajasthan","2(f)"
"73","Private","Bir Tikendrajit University","South View, Canchipur,Imphal WestManipur","795003","Manipur","2(f)"
"74","Private","Birla Global University","IDCO Plot-2, Institutional Area, Gothapatna, Bhubaneswar, OdishaInstitutional Area,VIII-Gothapatna,P.S-Chandaka,Bhubaneswar","751029","Odisha","2(f)"
"75","Private","BML Munjal University","67th Milestone, National Highway - 8 Sidhrawali, Gurugram, Haryana -123413NH-8, Village Sidhrawali, Gurugram","123413","Haryana","2(f)"
"76","Private","Brainware University","398, Ramkrishnapur Road,Barasat, KolkataNorth 4 Pgs., West Bengal","700125","West Bengal","2(f)"
"77","Private","C. U. Shah University","Surendranagar- Ahmedabad HighwayNr. Kothariya Village, Wadhwan CitySurendranagar","363030","Gujarat","2(f)"
"78","Private","C. V. Raman Global University","Bidyanagar, Mahura, Janla, Bhubaneswar","752054","Odisha","2(f)"
"79","Private","Capital University","Ranchi-Patna Main Road,District-Koderma,","825410","Jharkhand","2(f)"
"80","Private","Career Point University","Career Point University Hamirpur,Campus : Bhoranj (Tikker - Kharwarian), Hamirpur, [H.P] - 176041  Contact : +91-1972-269702, +91-8261001325  Email : hp@cpuniverse.in","176041","Himachal Pradesh","2(f)"
"81","Private","Career Point University","Alniya, NH-52, Jhalawar Road, Kota, Rajasthan","325003","Rajasthan","2(f)"
"82","Private","Centurion  University  of Technolgy and Management","AT: ALLURI NAGAR, PO: R.SITAPUR, VIA: UPPALADA, PARALAKHEMUNDI, GAJAPATI, ODISHAVia-Uppalada, ParalakhemundiNULL","761211","Odisha","2(f) & 12(B)"
"83","Private","Centurion University of Technology and Management","Tekkali Village, Nelimarla Mandal, Anandapuram Mandal, Visakhapatnam","535003","Andhra Pradesh","2(f)"
"84","Private","CEPT University (Formerly Centre for Environmental Planning and Technology University)","University Road, Navrangpura, Ahmedabad","380009","Gujarat","2(f)"
"85","Private","Chanakya University","Brigade Orchards,Rayasandru Village, Kasaba Hobli,Devanahalli Taluk,Bengaluru Rural District","562110","Karnataka","2(f)"
"86","Private","Chandigarh University","NH-95, Chandigarh Ludhiana Highway, Gharuan, Mohali, Punjab.Punjab","140413","Punjab","2(f) & 12(B)"
"87","Private","Charotar University of Science & Technology","Off Nadiad-Petlad Highway Road, Changa","388415","Gujarat","2(f)"
"88","Private","Chhatrapati Shivaji Maharaj University","Near Shedung toll plaza, Old Mumbai-Pune Highway, Panvel, Navi Mumbai, MaharashtraOld Mumbai pune highway,panvel, navi mumbai","410206","Maharashtra","2(f)"
"89","Private","Chirayu University","Bhopal-Indore Highway, Near Bairagarh, Bhainsakhedi","462030","Madhya Pradesh","2(f)"
"90","Private","Chitkara  University","Chandigarh-Patiala National Highway, Village Jhansla, Tehsil Rajpura, District Patiala(NH-64),Jhansala(V),Rajpura PatialaNULL","140401","Punjab","2(f)"
"91","Private","Chitkara University","HIMUDA Education HubPinjore-Barotiwala Highway (NH_21A)Solan,","174 103","Himachal Pradesh","2(f)"
"92","Private","CMJ University","GS road,Jorabat, Right-bhoi district, meghalayaRi-Bhoi DistrictMeghalay","793101","Meghalaya","2(f)"
"93","Private","CMR University","#2, 3rd C Cross, 6th A Main, HEBR Layout, Kalyananagar, BangaloreIInd Block, HRBR Layout,Kalyan Nagar, Bangolare","560043","Karnataka","2(f)"
"94","Private","COER University, Roorkee","7KM. on Roorkee -Haridwar Road, Vardhmanpuram, Roorkee","247667","Uttarakhand","2(f)"
"95","Private","CT University","VPO-SIDHWAN KHURD, CHOWKI MANN, TEHSIL-JAGRAON, LUDHIANALudhiana","142024","Punjab","2(f)"
"96","Private","D Y Patil International University","Sector No. 29, Pradhikaran, Akurdi, PuneAkurdi,Pune","411044","Maharashtra","2(f)"
"97","Private","D. Y. Patil  Agriculture and Technical University","TalsandeKolhapur","416112","Maharashtra","2(f)"
"98","Private","D. Y. Patil University","Sr No 124 & 126, Ambi, Tal-Maval, MIDC Road, Talegaon Dabhade,Pune","410507","Maharashtra","2(f)"
"99","Private","D.A.V University","Village Sarmastpur, Jalandhar-Pathankot National Highway, JalandharSamastpur Village, Jalandhar, India","144012","Punjab","2(f)"
"100","Private","Darshan University","Rajkot-Morbi Highway, Distt. Rajkot","363650","Gujarat","2(f)"
"101","Private","Dayananda Sagar University","Innovation Campus  ,  Hosur  Main Road , Kudlu Gate , BangaloreKumaraswamy Layout, BangloreKarnataka","560114","Karnataka","2(f)"
"102","Private","DBS Global University","122 MI, Behind Pharma City, Selaqui, Dehradun","248011","Uttarakhand","2(f)"
"103","Private","DES Pune University","Pune Mukunddas Lohia Academic Complex, BMCC, Shivaninagar, Taluka-Haveli, Pune","411004","Maharashtra","2(f)"
"104","Private","Desh Bhagat University","Desh Bhagat University, Village Saunti, Tehsil Amloh, District Fatehgarh Sahib, Punjab 147203 Mandi Gobindgarh (Pb.)","147203","Punjab","2(f) & 12(B)"
"105","Private","Dev Bhoomi Uttarakhand University","Navgaon, ManduwalaDehradun","","Uttarakhand","2(f)"
"106","Private","Dev Sanskriti Vishwavidyalaya","Village Sankra Kumhari,District Durg","490042","Chhattisgarh","2(f)"
"107","Private","Dev Sanskriti Vishwavidyalaya","Gayatrikunj, Shantikunj, Haridwar","249411","Uttarakhand","2(f)"
"108","Private","Dhanalakshmi Srinivasan University","SamayapuramTiruchirapalli","621112","Tamil Nadu","2(f)"
"109","Private","Dhirubhai Ambani University","DAIICT, Near Indroda Circle, Gandhinagar","382007","Gujarat","2(f)"
"110","Private","DIT University","Mussoorie Diversion Road, Makkawala, P.O. Bhagwantpur, Dehradun, UttarakhandMakkawala, Dehradun","248 009","Uttarakhand","2(f)"
"111","Private","Dr C V Raman University","village & post CHHAIGAON MAKHAN,Dist-KhandwaPost-Chhaigaon MakhanKhandwa","450771","Madhya Pradesh","2(f)"
"112","Private","Dr C. V. Raman University","Block-Bhagwanpur, NH-77, Distt.- Vaishali","844114","Bihar","2(f)"
"113","Private","Dr K N Modi University","NewaiArea ph-II, Post Box No.01, Newai,Distt. Tonk, Rajasthan","304021","Rajasthan","2(f)"
"114","Private","Dr. A.P.J Abdul Kalam University","Indore Dewas Bypass, Arandia, IndoreVillage- Arandia, Post- Jhalaria,Indore","452016","Madhya Pradesh","2(f)"
"115","Private","Dr. C.V. Raman University","Kargi Road Kota, Bilaspur, Distt. Bilaspur","495113","Chhattisgarh","2(f)"
"116","Private","Dr. D.Y. Patil Dnyan Prasad","Sant Tukaram Nagar, Pimpri Chinchwad, Survey Nos. 180/2/1 and 180/2/2, Taluka Haveli, Pune","411018","Maharashtra","2(f)"
"117","Private","Dr. P. A. Inamdar University","K. B. Hidayatullah Road, Azam Campus, Camp, Pune","411001","Maharashtra","2(f)"
"118","Private","Dr. Preeti Global University","Gram Dinara, Teh Karera,District-Shivpuri","473665","Madhya Pradesh","2(f)"
"119","Private","Dr. Subhash University","Dr. Subhash Road, Junagadh,","362001","Gujarat","2(f)"
"120","Private","Dr. Vishwanath Karad MIT World Peace University","S.no.-124, Paud Road,Kothrud,Pune","411038","Maharashtra","2(f)"
"121","Private","DRIEMS University","Kairapari, P.O. Kotsahi, Tehsil Tangi, District Cuttack, Odisha","754022","Odisha","2(f)"
"122","Private","Drs. Kiran & Pallavi Patel Global University (KPGU)","Krishna Edu Campus, Varnama, Vadodara","391243","Gujarat","2(f)"
"123","Private","Durga Soren University","Shivam Trust, Bompass Town, Deoghar","814114","Jharkhand","2(f)"
"124","Private","Eklavya University","Ojaswini Nagar,Sagar Road,Damoh","","Madhya Pradesh","2(f)"
"125","Private","Era University","SARFARAZGANJ, HARDOI ROAD, LUCKNOWHardoi RoadLucknow","226003","Uttar Pradesh","2(f)"
"126","Private","Eternal University","Eternal Unviersity, Baru Sahib, District- Sirmour (H.P.)","173101","Himachal Pradesh","2(f)"
"127","Private","F.S. University","NH-19, Near Balaji Mandir,Shikohabad, Dist Firozabad,","","Uttar Pradesh","2(f)"
"128","Private","Flame University","GAT No. 1270Village LavaleTaluka Mulshi, Pune","411042","Maharashtra","2(f)"
"129","Private","Future University","Bareilly-Lucknow Road, Near Faridpur, Bareilly","243503","Uttar Pradesh","2(f)"
"130","Private","G L A University","Campus: 17 Km Stone NH#2, Delhi Mathura Highway, Po-Chaumuhan, Mathura. Off-campus: Plot No. 15 A, Knowledge Park-2, Greater Noida, Gautam Buddha Nagar (UGC Approved)","281406","Uttar Pradesh","2(f) & 12(B)"
"131","Private","G. D. Goenka University","G. D. Goenka Education City, Sohna, Gurugram Road, Delhi-NCR, Haryana-122103, IndiaSohna Gurgaon RoadSohna, Haryana","122103","Haryana","2(f)"
"132","Private","G. M. University","Karur Village, Kasaba Hobli, Davanagere District","577006","Karnataka","2(f)"
"133","Private","G. S. University","NH-9, Pilkhuwa, Dist. Hapur","245304","Uttar Pradesh","2(f)"
"134","Private","G.H Raisoni University","Dhoda Borgaon, Village Saikheda, Tah Sausar, Dist Chhindwara(M.P) Tah-Saunsar,Dist-Chhindwara","480334","Madhya Pradesh","2(f)"
"135","Private","G.H.Raisoni University","Anjangaon Bari Road, Amravati MaharashtraBari Road,Amravat","444701","Maharashtra","2(f)"
"136","Private","G.L.S. University","GLS Campus, Opp. Law Garden, Ellisbridge, AhmedabadOpp. Law GardenEllisbridge, Ahmedabad","380006","Gujarat","2(f)"
"137","Private","Galgotias University","PLOT NO 2, SECTOR 17 A, YAMUNA EXPRESSWAY GREATER NOIDA UTTAR PRDAESHYamuna Expressway Gautam Budh Nagar","203201","Uttar Pradesh","2(f) & 12(B)"
"138","Private","Gandhi Institute of Engineering and Technology University Odisha","Gunupur,Distt. Rayagada,Odisha","765022","Odisha","2(f)"
"139","Private","Gandhinagar University","Village: Moti Bhoyan, Khatraj-Kalol Road, Gandhinagar","382721","Gujarat","2(f)"
"140","Private","Ganpat University","Ganpat Vidyanagar, MehsanaGoazaria HighwayDistrict Mehsana","382 711","Gujarat","2(f)"
"141","Private","Garden City University","GCC House, #340, 5th Main,Indiranagar Double Road,,1st Stage, Indiranagar, Banglore","560038","Karnataka","2(f)"
"142","Private","Geeta University","NH-71A, NaulthaPanipat","132145","Haryana","2(f)"
"143","Private","Geetanjali University","Geetanjali Medicity, Hiran Magri Extension,","313002","Rajasthan","2(f)"
"144","Private","Girijananda Chowdhury University","Hathkhowapara, Azara, Guwahati, District-Kamrup (Metro)","781017","Assam","2(f)"
"145","Private","GNA University","Sri Hargobindgarh, Phagwara-Hoshiarpur Road,Phagwara,Distt. Kapurthala","144401","Punjab","2(f)"
"146","Private","Gokul Global University","GOKUL GLOBAL UNIVERSITY,NEAR SUJANPUR PATIA,OPPOSITE IOC DEPOT,STATE HIGHWAY-41,SIDDHPUR-384151Near G. R. S. L., Sujanpur PatiaSidhpur, Dist- Patan","384151","Gujarat","2(f)"
"147","Private","Gopal Narayan Singh University","Jamuhar, PO-Jamuhar, Dist-Rohtas","821305","Bihar","2(f)"
"148","Private","Graphic Era Hill University","510, Society Area, Clement TownDehradun (Main campus at Dehradun, Second campus at Garhwal Region (Belkhet Gram, District Pauri Garwal) and Third campus at Bhimtal Area of District Nanital, Dehradun (Uttarakhand)","248002","Uttarakhand","2(f)"
"149","Private","GSFC University","Vigyan BhavanPO FertilizernagarDist. Vadodara","391750","Gujarat","2(f)"
"150","Private","Gujarat Maritime University","Sagar Bhavan, Ground Floor,Sector-10-A,Opp. Air Force Centre,CHH Road, Gandhinagar","382010","Gujarat","2(f)"
"151","Private","Guru Kashi University","Sardugah Road, Talwandi saboBathinda, Punjab","151302","Punjab","2(f)"
"152","Private","Guru Nanak University","Ibrahimpatnam, Ranga Reddy District, Hyderabad","501506","Telangana","2(f)"
"153","Private","Gyanmanjari Innovative University","Survey No. 30, Sidsar Road, Bhavnagar,","364060","Gujarat","2(f)"
"154","Private","Gyanodaya University","Village- SuwakhedaDistrict-NeemuchMadhya Pradesh","458441","Madhya Pradesh","2(f)"
"155","Private","Gyanveer University","Village- Maa-Emliya, Ph-20, Block-Rahatgarh, Sagar","470115","Madhya Pradesh","2(f)"
"156","Private","Haridwar University","5th KM, Roorkee-Haridwar Canal Road, Village-Bajuheri, Roorkee","247667","Uttarakhand","2(f)"
"157","Private","Himalayan University","401, Takar Complex, Nahalagun","791110","Arunachal Pradesh","2(f)"
"158","Private","Homoeopathy University","Saipura, SanganerJaipur","302029","Rajasthan","2(f)"
"159","Private","HRIT University","8th Km Stone, Delhi-Meerut Road, HRIT Campus, Ghaziabad","201003","Uttar Pradesh","2(f)"
"160","Private","I.E.C. (India Education Centre) University","Baddi, SolanHimachal Pradesh","","Himachal Pradesh","2(f)"
"161","Private","I.E.S. University","IES Campus Ratibad Main RoadBhopal","462044","Madhya Pradesh","2(f)"
"162","Private","ICFAI University","Khasra No. 505/1 Village Jamdoli, Agra Road Jaipur-302 031 RajasthanVillage: Jamdoli,Agra Road Jaipur","302031","Rajasthan","2(f)"
"163","Private","ICFAI University","Plot no. 5 Atal Shiksha Kunj  Village kalujhanda P.o Mandhal tel Baddi Distt. Solan H.P","174103","Himachal Pradesh","2(f)"
"164","Private","ICFAI University","KUMHARI","490042","Chhattisgarh","2(f)"
"165","Private","ICFAI University","6th Mile,Sovima VillageKohima Road, Dimapur","797112","Nagaland","2(f)"
"166","Private","IFTM University","Lodhipur Rajpur, Delhi Road, Moradabad (UP)Moradabad-244 102","244102","Uttar Pradesh","2(f)"
"167","Private","IIHMR University","1, Prabhu Dayal Marg, Near Sanganer Airport, JaipurNear Sanganer AirportJaipur","302029","Rajasthan","2(f)"
"168","Private","IILM University","Plot No. 16-18Knowledge park-II,Greater Noida","201308","Uttar Pradesh","2(f)"
"169","Private","IILM University","IILM University, 1, Knowledge Centre, Golf Course Road, Sector-53, Gurugram-Haryana-122003Golf course RoadSector-53, Gurugram","122003","Haryana","2(f)"
"170","Private","IIMT University","""O"" Pocket, Ganga Nagar, Mawana Road, MeerutMawana RoadMeerut","245101","Uttar Pradesh","2(f) & 12(B)"
"171","Private","IMS Unison University","Makkawala Greens,Mussorie Diversion Road, Dehradun","248009","Uttarakhand","2(f)"
"172","Private","India International University of Legal Education and Research","Upasnagar, sancoale, Airport Road, South Goa","403710","Goa","2(f)"
"173","Private","Indian Institute of Public Health","Opposite Air-Force Headquarters GandhinagarNear Lekawada Bus Stop, Gandhinagar-Chiloda roadCRPF, P. O. Lekawada, Gandhinagar","382042","Gujarat","2(f)"
"174","Private","Indira Gandhi Technological and Medical Science University","Ziro, Lower Subansiri","791120","Arunachal Pradesh","2(f)"
"175","Private","Indrashil University","ON Ahmedabad-Mahesana Highway, Take Left from Kalapi Hotel, Near Chhatral,Kadi,GIDC, Rajpur, Taluka:Kadi, Dist.-Mehsana","382715","Gujarat","2(f)"
"176","Private","Indus International Uniersity","V.P.O. BathuTehsil HaroliDistt. Una","174301","Himachal Pradesh","2(f)"
"177","Private","Indus University","Vill. Rancharda, Via: Shilaj, AhmedabadRancharda, Via-ThaltejAhmedabad","382115","Gujarat","2(f)"
"178","Private","Institute of Advanced Research","nstitute of Advanced Research, Koba Institutional Area, GandhinagarKoba,Gandhinagar","382426","Gujarat","2(f)"
"179","Private","Integral University","Integral University, Dasauli, Kursi Road, LucknowLucknow","226026","Uttar Pradesh","2(f) & 12(B)"
"180","Private","Invertis University","Invertis Village, Bareily-LucknowNational Highway -24, Bareily, U.P.NULL","","Uttar Pradesh","2(f)"
"181","Private","ISBM University","Vill-Nawapara (Kosmi) Block,Tehsil-Chhura,Dist-Gariyaband","493996","Chhattisgarh","2(f)"
"182","Private","ITM (SLS) Baroda University","VILLAGE PALDI, NEAR JAROD, VADODARA HALOL HIGHWAY TAL WAGHODIA, DIST: VADODARANear Jarod,Vododara-Halol Highwary, Vadodara","391510","Gujarat","2(f)"
"183","Private","ITM Skills University","Plot 24 and 25, Institutional Area, Kharghar, Navi Mumbai","410210","Maharashtra","2(f)"
"184","Private","ITM University","Uparwara, Teh.- AbhanpurNaya Raipur,  Distt. Raipur","493 661","Chhattisgarh","2(f)"
"185","Private","ITM University","Opp. Sithouli Rly. StationNH-75, Jhansi RoadGwalior","474001","Madhya Pradesh","2(f)"
"186","Private","ITM Vocational University","Plot 6512, Ajwa Nimeta Road, Raval, Taluka, Vagodia, District - Vadodara, Gujarat.Nimeta Road, Raaval TalukaWaghodia, Vadodara","391760","Gujarat","2(f)"
"187","Private","J. N. C. T professional University","New Chouksey Nagar, Lambakheda, Berasia Road, Bhopal,","462038","Madhya Pradesh","2(f)"
"188","Private","J.E.C.R.C  University","Plot No.IS-2036 to 2039,Ramchandrapura Industrial Area,Vidhani,Sitapura Extn,JaipurRamchandrapura, Sitapura Industrial Area ExtnNear Mahatma Gandhi Hospital, Vidhani Village, Jaipur","303905","Rajasthan","2(f)"
"189","Private","J.G. University","Uvarsad,Distt- Gandhinagar","","Gujarat","2(f)"
"190","Private","J.S. University","5KM MAINPURI ROAD SHIKOHABADFirozabadUttar pradesh","283135","Uttar Pradesh","2(f)"
"191","Private","Jagan Nath University","State Highway 22, Bahadurgarh-Jhajjar Road, Jhajjar","124507","Haryana","2(f)"
"192","Private","Jagannath University","NH-12, Chaksu Byepass, Tonk Road, JaipurTeshil-ChaksuJaipur","303901","Rajasthan","2(f)"
"193","Private","Jagran Lakecity University","Gram Panchayat Mugaliya ChhapTehsil Huzur, Bhopal","462044","Madhya Pradesh","2(f)"
"194","Private","Jai Minesh Adivasi University","In front of IIIT, Ranpur, Kota,","325003","Rajasthan","2(f)"
"195","Private","Jaipur National University","Jaipur-Agra BypassNear New RTO office, JaipurJagatpura","302 017","Rajasthan","2(f)"
"196","Private","Jayoti Vidyapeet Women's University","Vedaant Gyan Valley Village Jharna Mahila-Jobner Line RoadJabner, Jaipur-Ajmer Express Way, Jaipur","303007","Rajasthan","2(f) & 12(B)"
"197","Private","Jaypee University","Aligarh Road, Anoopshahr, District- Bulandshahr, Uttar Pradesh, IndiaDist. Bulandshahar","203390","Uttar Pradesh","2(f)"
"198","Private","Jaypee University of Engineering & Technology","Raghogarh, Guna MPRaghogarhDistt, Guna","473226","Madhya Pradesh","2(f)"
"199","Private","Jaypee University of Information Technology","Distt. Solan","173234","Himachal Pradesh","2(f)"
"200","Private","Jeppiaar University","Rajiv Gandhi Salai,Chennai","600119","Tamil Nadu","2(f)"
"201","Private","Jharkhand Rai University","Raja Ulatu, Namkum, Ranchi, JharkhandRatu RoadRanchi","834010","Jharkhand","2(f)"
"202","Private","Jigyasa University ( Formerly name Himgiri Zee University)","P.O. Sherpur,Chakrata Road,Dehradun","248197","Uttarakhand","2(f)"
"203","Private","JIS University","81, Nilgunj Road, Agarpara, KolkataDistrict North 24 Parganas","700109","West Bengal","2(f)"
"204","Private","JK Lakshmipat University","Laliya Ka Vas P.O. Mahapura,Ajmer RoadJaipur","302026","Rajasthan","2(f)"
"205","Private","Jodhpur National University","Narnadi,Jhanwar Road,BoranadaJodhpur","342 001","Rajasthan","2(f)"
"206","Private","JSPM University","Gut No. 719/1 and 719/2, Wagholi, Taluka, Haveli, District Pune","4122017","Maharashtra","2(f)"
"207","Private","JSS Science & Technology University","JSS Science and Technology University, JSS Technical Institutions Campus, MysuruMysuru","570006","Karnataka","2(f)"
"208","Private","JSS University","C-20/1, Sector-62, Noida,  Gautam Budh Nagar","201301","Uttar Pradesh","2(f)"
"209","Private","K K University","Berauti, Nepura, Biharsharif, Nalanda","803115","Bihar","2(f)"
"210","Private","K. K. Modi University","Village Mehmara,Jalbandha(Rasmada) Road,Distt. - Durg","491001","Chhattisgarh","2(f)"
"211","Private","K. N. University","Smt. K. N. Patel International School, Near KNPIS Circle, Vodafone Tower Lane, Gota, Ahmedabad","382481","Gujarat","2(f)"
"212","Private","K.M. (Krishna Mohan) University","Pali Dungra, Sonkh Road, Mathura","281123","Uttar Pradesh","2(f)"
"213","Private","K.R. Mangalam University","Sohna Road,Gurugram","122103","Haryana","2(f)"
"214","Private","Kadi  Sarva Vishwavidyalaya","LDRPITR Campus, Near Kh 5 Circle, Sector 15, GandhinagarSector 15/23, Gandhinagar","382016","Gujarat","2(f)"
"215","Private","Kalinga University","Kotni, Near Mantralaya, Naya Raipur (Chhattisgarh) IndiaThasil : Aarang,  Naya Raipur","492101","Chhattisgarh","2(f) & 12(B)"
"216","Private","Karnavati University","907/A, UvarsadGhandhinagar,","382422","Gujarat","2(f)"
"217","Private","Khaja Bandanawaz University","Admin Block, Rauza-i Buzurg,Kalaburagi","585104","Karnataka","2(f)"
"218","Private","Khongnangthaba University","Khurai Konsam leikai,Imphal East District","795010","Manipur","2(f)"
"219","Private","Kishkinda University","City Campus, Ballari Business College, Siruguppa Road, Ballari","583103","Karnataka","2(f)"
"220","Private","KLE Technological University","B.V. Bhoomarddi College Campus,Vidyanagar,Hubballi","580031","Karnataka","2(f) & 12(B)"
"221","Private","KREA University","Appaiahpalem, Central Expressway, Sri City","517646","Andhra Pradesh","2(f)"
"222","Private","Krishnaguru Adhyatmik Visvavidyalaya","Nasatra, Barpeta","781307","Assam","2(f)"
"223","Private","Lakulish Yoga University","Lotus View, Opp. Nirma University,S.G. Highway, Chharodi,Ahmedabad","382481","Gujarat","2(f)"
"224","Private","Lamrin Tech Skills University","Chandigarh- Jalandhar NH 344A, 40 KM from Chandigarh and 5km from Ropar on Chandigarh-Ropar-Jalandhar National Highway District Shaheed Bhagat Singh Nagar","144533","Punjab","2(f)"
"225","Private","LNCT University","JK Town Sarvadharam C sector, Kolar Road, Bhopal","462024","Madhya Pradesh","2(f)"
"226","Private","LNCT Vidhyapeeth University","LANCT Campus, Village-Kanadiya, Kanadiya Road, Indore","452016","Madhya Pradesh","2(f)"
"227","Private","Lok Jagruti Kendra University","FP No. 74,100+113, TPS No. 86,(Sarkhej-okaf-Fatewadi, Makrba), Dist.  Ahmedabad","","Gujarat","2(f)"
"228","Private","Lokbharti University for Rural Innovation","At. Sanosara, Ta. SihorDist.- Bhavnagar","364230","Gujarat","2(f)"
"229","Private","Lords University","Alwar-Tijara-Delhi Highway,Chikani, Alwar","","Rajasthan","2(f)"
"230","Private","Lovely Professional University","Jalandhar-Delhi G.T. Road, Phagwara, Distt. Kapurthala, Punjab - 144411Ludhiana, PhagwaraDistt. Kappurthala","144411","Punjab","2(f)"
"231","Private","M. K. University","Hanumanpura, Matarvadi Patan","384265","Gujarat","2(f)"
"232","Private","M.S. Ramaiah University of Applied Sciences","University House, Gnanagangothri Campus ,New BEL Road, M S R Nagar, Bangalore, Karnataka, INDIA - 560 054M S R Nagar, Bangalore","560054","Karnataka","2(f)"
"233","Private","M.V.N. University","74 KM Stone, NH-2, Delhi-Agra Highway, Palwal (Haryana) - 121105Delhi-Agra Highway, Palwal","121105","Haryana","2(f)"
"234","Private","Madhav University","Madhav Hills, Opp. Banas Bridge TollNH -14, Abu RoadDistrict - Sirohi","307 026","Rajasthan","2(f)"
"235","Private","Madhyanchal Professional University","Patel Group of Institutions Campus, Ratibad,Bhopal","462044","Madhya Pradesh","2(f)"
"236","Private","Maganbhai Adenwala Mahagujarat University","I.S. Ayurved Mahavidyalaya, College Road, Nadiad","387001","Gujarat","2(f)"
"237","Private","Mahakaushal University","Anthakheda, Chargawan Road,Tilwara,Jabalpur","482003","Madhya Pradesh","2(f)"
"238","Private","Mahapurusha Srimanta Sankaradeva Viswavidyalaya","Srimanta Sankaradeva Sangha Complex, Haladhar Bhuyan Path, Kalongpar, Nagaon","782001","Assam","2(f)"
"239","Private","Maharaj Vinayak Global University","Dhand,Amer,Jaipur","","Rajasthan","2(f)"
"240","Private","Maharaja Agrasen Himalayan Garhwal University","Dhaid Gaon, Shiv NagarBlock PokhraDistt. Pauri Garhwal","246169","Uttarakhand","2(f)"
"241","Private","Maharaja Agrasen University","Atal Shiksha Kunj Village kalujhanda, Baddi Distt. Solannear Barotiwala, Tehsil-Baddi, Distt. Sonal","174103","Himachal Pradesh","2(f)"
"242","Private","Maharashtra Institute of Technology University of Meghalaya(Formerly University of Technology & Management)","Present Office: Nongshiliang, Nongthymmai, SHilong, MeghalayaUpcoming Permanent Campus:  Mawkashiang, village-Umroh, Shillong.","793014","Meghalaya","2(f)"
"243","Private","Maharishi Arvind University, Jaipur","Mundiaramsar, Near Bindayaka Industrial Area,Jaipur","302012","Rajasthan","2(f)"
"244","Private","Maharishi Mahesh Yogi Vedic Vishwavidyalaya","Village-Karaundi, Post Office-Mahner, Tehsil-Dheemarkheda, City-Dheemarkheda, District-Katni","483332","Madhya Pradesh","2(f)"
"245","Private","Maharishi Markandeshwar University","Village Laddo, Sultanpur Road, Post Office Kumarhatti, Distt. Solan-HPSolan NULL","173229","Himachal Pradesh","2(f)"
"246","Private","Maharishi Markandeshwar University","Institutional Area, Village Sadopur, Ambala- Chandigarh Highway, Ambala","134007","Haryana","2(f)"
"247","Private","Maharishi University of Information Technology","Maharishi Bal Vidya Mandir & University CampusSitapur Road, Post-DiburiaLucknow","226020","Uttar Pradesh","2(f)"
"248","Private","Maharishi University of Management and Technology","Maharishi Road, Post Box No. - 10, Mangla, Bilaspur","495 001","Chhattisgarh","2(f)"
"249","Private","Mahatama Gandhi University","13th Mile, G S RoadKanapara, Distt. Ri-Bhoi","793101","Meghalaya","2(f)"
"250","Private","Mahatma Gandhi University of Medical Sciences & Technology","RIICO Institutional Area, Sitapur , Tonk Road, Jaipur-302 022 Rajasthan","","Rajasthan","2(f)"
"251","Private","Mahatma Jyoti Rao Phoole University","SP-2 & 3, Kant Kalwar, RIICO Industrial Area, NH-8 Near Achrol, Jaipur","","Rajasthan","2(f)"
"252","Private","Mahaveer University","Pohali, Sardhana Road, Meerut","250341","Uttar Pradesh","2(f)"
"253","Private","Mahayogi Gorakhnath University Gorakhpur","Arogya Dham, Balapur Road,Sonbarsa,Distt-Gorakhpur","237007","Uttar Pradesh","2(f)"
"254","Private","Mahindra University","At Bahadurpally (V),Qudbullapur Mandal,Madchal Malkajgiri,","","Telangana","2(f)"
"255","Private","Major S. D. Singh University","Bhojpur,  Kanpur Road, Fatehgarh, Farrukhabad","209749","Uttar Pradesh","2(f)"
"256","Private","Malla Reddy University","Maisammaguda,  Dhulapally, Post via Kompally, Medchal- Malkajgiri District","500014","Telangana","2(f)"
"257","Private","Malwanchal University","Index City,NH-59A,Nemawar Road,Near Khundel, District-Indore","452016","Madhya Pradesh","2(f)"
"258","Private","Manav Bharti University","Village - Laddo, Post OfficeSultanpur, Tehsil & Distt, Solan","","Himachal Pradesh","2(f)"
"259","Private","Manav Rachna University","Sector-43, Aravalli Hills, Delhi-Surajkund Road, FaridabadDelhi-Surajkund Road,Faridabad","121001","Haryana","2(f)"
"260","Private","Mandsaur University","Mahow Neemuch bypass , Rewas Devda, Road, MandsaurSh-31,Mandsaur","458001","Madhya Pradesh","2(f)"
"261","Private","Mangalayatan University","NH-30, Mandla Road,Near Shrda Devi Mandir,Richai-Barela, Jabalpur","483001","Madhya Pradesh","2(f)"
"262","Private","Mangalayatan University","Extended NCR, 33rd MilestoneMathura-Aligarh HighwayBeswan Aligarh","202 145","Uttar Pradesh","2(f)"
"263","Private","Manipal University","Manipal University Jaipur ,  Dehmi Kalan, Off Jaipur-Ajmer Expressway, Jaipur, (Raj.) Rajasthan 303007.Jaipur-Ajmer ExpressJaipur","303007","Rajasthan","2(f)"
"264","Private","Manipur International University","MIU Place,Ghari,Airport RoadImphal","795140","Manipur","2(f)"
"265","Private","Mansarovar Global University","Village Gadia and Ratnakhedi,Block-BilkisganjSehore","","Madhya Pradesh","2(f)"
"266","Private","Martin Luther Christian University","Block 1, Dongktieh, Nongrah, Shillong, Meghalaya 793006Nongrah,Shillong, Meghalaya","793006","Meghalaya","2(f)"
"267","Private","Marwadi University","Rajkot- Morbi HIghway, Near Gauridad,RajkotRajkot","360003","Gujarat","2(f)"
"268","Private","Mata Gujri University","Purabpali Roa, Kishangunj","855107","Bihar","2(f)"
"269","Private","MATS University","Aarang Kharora Highway, Aarang,District :  Raipur","493441","Chhattisgarh","2(f)"
"270","Private","Maulana Azad University","Village - Bujhawar, Tehsil Luni, Jodhpur - 342802 (Raj.)Jodhpur","342802","Rajasthan","2(f)"
"271","Private","Maya Devi University","NH-72, Near Hotel The Competent Palace, Central Hope Town Selaqui, Chakrata Road, Dehradun","248011","Uttarakhand","2(f)"
"272","Private","Medhavi Skills University, Sikkim","Singtam Campus TopakhaniLower Chisopani, Singtam Bazar, SingtamDist.- East Sikkim","737134","Sikkim","2(f)"
"273","Private","Medi-Caps University","A B Road, Pigdamber, Rau, IndorePigdamber, RauIndore","453331","Madhya Pradesh","2(f)"
"274","Private","Mewar University","NH - 79 Gangrar,Chittorgarh","","Rajasthan","2(f) & 12(B)"
"275","Private","MGM University","MGM CampusN-6, CIDCO,Aurangabad","431003","Maharashtra","2(f)"
"276","Private","Mind Power University","Village- Bohrakoon Road, Bhimtal, Nanital","263136","Uttarakhand","2(f)"
"277","Private","MIT Art Design and Technology University","Rajbaug, Pune Solapur Highway, next to HadapsarNext to Hadapsar, Loni Kalbhor, Pune","412201","Maharashtra","2(f)"
"278","Private","MIT Vishwaprayag University, Solapur","Village Kegaon, Solapur-Pune Highway, Taluka North Solapur, District Solapur","413255","Maharashtra","2(f)"
"279","Private","MNR University","MNR Nagar, Fasalwadi, Sangareddy, Gr. Hyderabad","502294","Telangana","2(f)"
"280","Private","Mody University of Science & Technology","LaxmangarhDistrict - SikarRajasthan","332311","Rajasthan","2(f) & 12(B)"
"281","Private","Mohammad Ali Jauhar University","Jauhar Nagar Sigan Khera Rampur (U.P)Block Saidnagar, Distt. Rampur","244927","Uttar Pradesh","2(f)"
"282","Private","Mohan Babu University","Sree Sainath Nagar, Tirupati","517102","Andhra Pradesh","2(f)"
"283","Private","Monad University","Monad University Campus. N.H. 9, Delhi Hapur Road, Village & Post Kastla, Kasmabad, Pilkhuwa, Distt. Hapur","245101","Uttar Pradesh","2(f)"
"284","Private","Monark University","At & Post Vahelal, Naroda-Dahegam Road, Ahmedabad","382330","Gujarat","2(f)"
"285","Private","Motherhood University","Village- Karondipost - BhagwanpurRoorkee, Distt. Hardwar","","Uttarakhand","2(f)"
"286","Private","Navrachana University","Vasna Bhayli Road, Vadodara -391 410 Gujarat, IndiaVadodaraGujarat","391410","Gujarat","2(f)"
"287","Private","Netaji Subhas University","Pokhari, PO-Bhilai Pahari,PS-MGM, Dist- East Singhbhum,Jamshedpur","831012","Jharkhand","2(f)"
"288","Private","NICMAR University","Building NO./Plot NO. 25/1NIA Post Office, BalewadiTaluka Haveli, District Pune","411045","Maharashtra","2(f)"
"289","Private","NIILM University","NH-65 AMBALA ROAD,KAITHALAmbala Road, Kaithal","136027","Haryana","2(f)"
"290","Private","NIIT University","NH-08, DELHI-JAIPUR HIGHWAY, NEEMRANA DIST. ALWAR RAJASTHANNeemrana,Distt. Alwar","301705","Rajasthan","2(f)"
"291","Private","NIMS University","NH-11 C, Jaipur- Delhi Highway, Jaipur, Rajasthan(NH-11C), Jaipur","303121","Rajasthan","2(f)"
"292","Private","Nirma University","Nirma University, S. G. Highway, Ahmedabad, GujaratVillage - ChharodiAhmedabad","382481","Gujarat","2(f)"
"293","Private","Nirwan University","NH-21, Village Jhar,Near Bassi, Main Agra Road,Jaipur","303705","Rajasthan","2(f)"
"294","Private","Noble University","Noble Group of Institutions, Parth Vatika, Bhesan Road, Ta. & Distt., Junagadh","362310","Gujarat","2(f)"
"295","Private","Noida International University","Plot 1, Sector-17 A, Greater Noida,Gautam Budh Nagar","203201","Uttar Pradesh","2(f)"
"296","Private","North East Adventist University","Khliehtyrshi, P.O. Thadlaskein, West Jaintia Hills District","793151","Meghalaya","2(f)"
"297","Private","North East Christian University","Anchor Complex, East BlockBurma Camp, Post Box-109Dimapur","797112","Nagaland","2(f)"
"298","Private","North East Frontier Technical University","Sibu-Puyi, Aalo (PO), West Siang (Distt.)","791001","Arunachal Pradesh","2(f)"
"299","Private","O.P. Jindal University","OP Jindal Knoledge Park, Punjipathra, RaigarhGharghoda Road Punjipathra, Raigarh","496109","Chhattisgarh","2(f)"
"300","Private","Om Sterling Global University","NH-52, Hisar-Chandigarh Road, V.P.O. Juglan, HisarHisar-Chandigarh Road,Hisar","125001","Haryana","2(f)"
"301","Private","OPJS University","VPO – Rawatsar KunjlaNear Sankhu Fort Jhunjhunu Road","Rajgarh (Sadulpur) Churu","Rajasthan","2(f)"
"302","Private","Oriental University","Opp. Rewati Range Gate No. 1, Post Shri Aurobindo, Jakhya, IndorePost Aurobindo, Sanwer Road, Jakhya, Indore","453555","Madhya Pradesh","2(f)"
"303","Private","P. P. Savani University","NH 8, GETCO, Near BiltechVillage: Dhamdod, Kosamba,Ta.: Mangrol, Dist.: Surat","394125","Gujarat","2(f)"
"304","Private","P.K. University","Village - Thanra, Teh - Karera,NH-27,District - Shivpuri","473665","Madhya Pradesh","2(f)"
"305","Private","Pacific Academy of Higher Education  & Research (PAHER)","Airport Road, Pratap Nagar ExtensionDebari, UdaipurNULL","313 001","Rajasthan","2(f)"
"306","Private","Pacific Medical University","Bhilo ka Bedla, ByepassNH - 27, Udiapur","","Rajasthan","2(f)"
"307","Private","Pandit Deendayal Energy University (Formerly Pandit Deendayal Petroleum University)","Knowledge Corridor, Raisan Village, Gandhinagar","382007","Gujarat","2(f)"
"308","Private","Parul University","P.O.Limda, Ta: Waghodia, Dist: Vadodara-391760Tal - WaghodiaDist. Vadodara","391760","Gujarat","2(f)"
"309","Private","PDM University","Post Box No.-15, Sector-3A,Sarai Aurangabad, BahadurgarhHaryana","124507","Haryana","2(f)"
"310","Private","People's University","People's Campus, Bhanpur, Bhopal(M.P)","462037","Madhya Pradesh","2(f)"
"311","Private","PES University","100 Feet Ring Road, BSK III Stage, Bangalore","560085","Karnataka","2(f)"
"312","Private","Pimpri Chinchwad University","Gut No-44, 46, 48, 49 and 50, Sate Taluka Maval, District-Pune","412206","Maharashtra","2(f)"
"313","Private","Plaksha University","Punjab, Block B, Sector-101, Alpha, IT CIty, SAS NagarMohali","140306","Punjab","2(f)"
"314","Private","Plastindia International University","Dungra, GIDC,Vapi, Dist-Valsad","396195","Gujarat","2(f)"
"315","Private","Poornima University","IS-2027-31, P.O-Vidhani Vatika, Ramchandrapura, Sitapura Extension, JaipurJaipur, Rajasthan","303905","Rajasthan","2(f) & 12(B)"
"316","Private","Pragjyotishpur University","Hajongbari, P.O. - Chandrapur, Kamrup, Metropolitan District, Guwahati","781050","Assam","2(f)"
"317","Private","Pragyan International University","Bariatu Road,Booty More,P.O.-RMCHRanchi","834009","Jharkhand","2(f)"
"318","Private","Pratap University","Pratap University, Sunderpura (Chandwaji), Delhi-Mumbai Highway, Jaipur, Rajasthan-303104","303104","Rajasthan","2(f)"
"319","Private","Presidency  University","Itgalpur, Rajanakunte,Yelahanka,Bengaluru,560064RajanakunteBangaluru","560064","Karnataka","2(f)"
"320","Private","Prestige University","Gram Ringnodia, Indore-Ujjain, Indore","453551","Madhya Pradesh","2(f)"
"321","Private","Quantum University","22km Milestone, Roorkee-Dehradun highway (NH-73), Roorkee","247167","Uttarakhand","2(f)"
"322","Private","R.N.B. Global University","RNB Global City Ganganagar RoadBikaner","334601","Rajasthan","2(f)"
"323","Private","Rabindranath Tagore University (formerly known as AISECT University)","Chiklod Road, Near Bangrasia Chouraha Bhopal","462047","Madhya Pradesh","2(f)"
"324","Private","Radha Govind University","Radha Govind Nagar, Lalki GhatiLalki Ghati, Ramgarh-","829122","Jharkhand","2(f)"
"325","Private","Raffles University","Japanese Zone, NH-48, Neemrana, Alwar, RajasthanDistrict : Alwar, Neemrana","301705","Rajasthan","2(f)"
"326","Private","Rai Technology University","11th Mile Gallu, Doddaballapur – Nelamangala Road, Mallohalli Village, Kadanur(Post), Madure(Hobli), Doddaballapur Taluk, Bangalore SH-74, Off Highway 207,Doddaballapur Taluk, Bangalore","561204","Karnataka","2(f)"
"327","Private","Rai University","Saroda, Dholka Taluka, Ahmedabad, GujaratAhmedabad, Gujarat","382260","Gujarat","2(f)"
"328","Private","Rajju Shroff Rofel University (RSRU)","Survey No. 78-79, ROFEL Campus, Namdha-Vapi, Valsad","396191","Gujarat","2(f)"
"329","Private","Ram Krishna Dharmarth Foundation (RKDF) University","604, 5th Floor, Gopal Marketing ComplexNear Argora ChoukRanchi","834004","Jharkhand","2(f)"
"330","Private","Rama University","NH-91, Rama City, Mandhana, Kanpur, Uttar Pradesh Mandhana, Kanpur","209217","Uttar Pradesh","2(f)"
"331","Private","Ramchandra Chandravansi University","Nawadihkala, PO & PS BishrampurPalamu","822132","Jharkhand","2(f)"
"332","Private","Ramdeobaba University","Ramdeo Tekadi, Katol Road, Nagpur","440013","Maharashtra","2(f)"
"333","Private","Ras Bihari Bose Subharti university","Subhartipuram Kotda Santaur,Aamwala Road, P.O.- Chandanwadi,Nanda ki Chowki, Prem Nagar, Dehradun","248007","Uttarakhand","2(f)"
"334","Private","Rayat Bahra University","VPO - Sahauran, Tehsil - KhararDisst. - MohaliPunjab","140104","Punjab","2(f)"
"335","Private","Renaissance University","Gram Revti, Behind Aurobindo Hospital, Sanwer-Road, Indore (MP)51/1/1 Gram Reoti, Sanwer Road,Behind Aurobindo Hospital, Indore","452015","Madhya Pradesh","2(f)"
"336","Private","Reva University","Rukmani knowledge park,KattigenahalliYelahanka,Bangalore","560064","Karnataka","2(f)"
"337","Private","RIMT University","Opposite Floating Restaurant,Sirhind Side, Mandi Gobindgarh","147301","Punjab","2(f)"
"338","Private","Rishihood University","NH-44 (GT Road),Near Bahalgarh Chowk,Delhi NCR, Sonipat","131021","Haryana","2(f)"
"339","Private","RK University","RK University, Bhavnagar Highway, Kasturbadham, Rajkot - 360020, Gujarat, India.Rajkot","360020","Gujarat","2(f)"
"340","Private","RKDF University","Airport By Pass Road, Gandhi Nagar, Bhopal, Madhya PradeshGandhi NagarBhopal","462033","Madhya Pradesh","2(f)"
"341","Private","RV University","RVU Administrative BuildingRV Vidyaniketan Post8th Mile, Mysuru Road, Bengaluru","560059","Karnataka","2(f)"
"342","Private","S. K. S. International University","21st Milestone, NH-2, Tehsil Chatta, Mathura","281406","Uttar Pradesh","2(f)"
"343","Private","S.R. University","Ananthasagar(V),Hasanparthy(M),Warangal","506371","Telangana","2(f)"
"344","Private","Sabarmati University","Greenwood, Nr, Vaishnodevi CircleSardar patel Ring Road, OganjPO. Chandlodia, Ahmedabad","382481","Gujarat","2(f)"
"345","Private","Sage University","KAILOD KARTAL RAU BYPASS INDOREIndore-Dewas Bypass Road,Rau, Indore","452020","Madhya Pradesh","2(f)"
"346","Private","Sai Nath University","Jirawar, Chandway- Kuchhu Road,P.O. - OrmanjhiDist. - Ranchi","835219","Jharkhand","2(f)"
"347","Private","Sai Tirupati University","Ambua RoadVillage Umarda, GirwaUdaipur","313015","Rajasthan","2(f)"
"348","Private","Sai University","One Hub Chennai, Paiyanur Old Mahabalipuram Road, Chennai","603104","Tamil Nadu","2(f)"
"349","Private","SAM Global University","Agariya Chopda,Bilkhiriya,Bhopal","","Madhya Pradesh","2(f)"
"350","Private","Sandip University","Neelam Vidya Vihar, Vill-Sijoul, Dist.-Madhubani","847235","Bihar","2(f)"
"351","Private","Sandip University","Trimbak RoadMahiravani, Nashik, Maharashtra","422213","Maharashtra","2(f) & 12(B)"
"352","Private","Sangam University","NH.79, Bhilwara Chittor By PassChittor Road, Bhilwara, Rajasthan","311001","Rajasthan","2(f)"
"353","Private","Sanjay Ghodawat University","A/p. Atigre, Tal. Hatkangala, Dist. KolhapurDist-Kolhapur","416118","Maharashtra","2(f)"
"354","Private","Sanjeev Agrawal Global Educational University","Katara Extension,Sahara Bypass Road,Bhopal","","Madhya Pradesh","2(f)"
"355","Private","Sanjivani University","Gat No. 24 and 25, Kopargaon, Taluka Kopargaon, District-Ahmednagar","423601","Maharashtra","2(f)"
"356","Private","Sankalchand Patel University","Sankalchand Patel Vidyadham Ambaji-Gandhinagar State Highway, Visnagar-384315. Dist: Mehsana, Gujarat (INDIA)Visnagar-384315Gujarat","384315","Gujarat","2(f)"
"357","Private","Sanskaram University","Village-Kheri Taluka, Patauda, District-Jhajjar","124108","Haryana","2(f)"
"358","Private","Sanskriti University","28 KM STONE MATHURA DELHI HIGHWAY CHHATA MATHURA UPMathura-Delhi Highway,Chhata, Mathura","281401","Uttar Pradesh","2(f)"
"359","Private","Sant Baba Bhag Singh University","Village Khiala, PO Padhiana, Diatt Jalandhar, PunjabPO-PadhianaDist-Jalandhar","144030","Punjab","2(f)"
"360","Private","Sapthagiri NPS University","14/5, Chikkasandra, Hesaraghatta main road, Bengaluru","550057","Karnataka","2(f)"
"361","Private","Sardar Bhagwan Singh University","Balawala, Dehradun, UttrakhandDehradunUttarakhand","248001","Uttarakhand","2(f)"
"362","Private","Sardar Patel University","SARDAR PATEL KNOWLEDGE CITY, DONGARIYA (WARASEONI ROAD), POST-CHILLOD, TAHSIL-LALBURRA, DISTRICT-BALAGHAT(M.P.)Waraseoni Road, DongariyaBalaghat","481331","Madhya Pradesh","2(f)"
"363","Private","Sardar Vallabhbhai Global University","Chimanbhai Patel Institute Campus, Opp, Karnavati Club, Ahmedabad","380015","Gujarat","2(f)"
"364","Private","Sarla Birla University","Birla Knowledge cityRanchi-purulia Highway, Ranchi","835103","Jharkhand","2(f)"
"365","Private","Sarvajanik University","M.T.B. College Campus, Opposite Chowpati Athwalines, Surat","395001","Gujarat","2(f)"
"366","Private","Sarvepalli Radhakrishnan University","NH-12, Hoshangabad RoadJatkhedi,Bhopal","","Madhya Pradesh","2(f)"
"367","Private","Saveetha Amaravati University","3rd Floor, Vaishnavi ComplexOpp. Executive ClubVijayawada","520008","Andhra Pradesh","2(f)"
"368","Private","Scope Global Skills University","Scope Campus, NH-12,Bhaironpur, Near Misrod, Hoshangabad Road, Bhopal","462026","Madhya Pradesh","2(f)"
"369","Private","SDGI Global University","NH-9, Delhi-Hapur Road, Ghaziabad, Delhi-NCR","201015","Uttar Pradesh","2(f)"
"370","Private","Seacom Skills University","Village-Kendradanga,PO - Sattore,PS - Panrui, Dist - Birbhum","731236","West Bengal","2(f)"
"371","Private","Sharda University","Plot32,34, Knowledge Park III, Greater NoidaGrerater Noida","201306","Uttar Pradesh","2(f)"
"372","Private","Sharda University Agra","18 Km. Stone on Agra-Delhi Highway (NH-19), Keetham, Agra","282007","Uttar Pradesh","2(f)"
"373","Private","Sharnbasva University","Kalaburgi (Gulbarga)","585103","Karnataka","2(f)"
"374","Private","Shiv Nadar University","Rajiv Gandhi Salai(OMR)Kalavakkam","603110","Tamil Nadu","2(f)"
"375","Private","Shobhit University","Adarsh Vijendra Institutional area  Gangoh, Saharanpur (U.P.)Babu Vijendra MargGangoh, Distt.- Saharanpur","247341","Uttar Pradesh","2(f)"
"376","Private","Shoolini University of Biotechnology and Management Sciences","Shoolini University, Village - Bajhol, PO - Sultanpur, District - Solan, State - Himachal Pradesh","173229","Himachal Pradesh","2(f)"
"377","Private","Shree Guru Gobind Singh Tricentenary University","Budhera, Gurugram - Badli Road, Gurugram (Haryana)Distt., Gurgaon, Haryana - 122 505","122505","Haryana","2(f) & 12(B)"
"378","Private","Shreyarth University","C/o Gujarat Samachar Bhavan,Khanpur,Ahmedabad","380001","Gujarat","2(f)"
"379","Private","Shri Davara University","NH-30, Davara Educational Campus, Naya Raipur","493661","Chhattisgarh","2(f)"
"380","Private","Shri Dharmasthala Manjunatheshwara University","Manjushree Nagar , Sattur ,Dharwad- 09SDM College of Medical Sciences & Hospital CampusSattur, Dharwad","580009","Karnataka","2(f)"
"381","Private","Shri Guru Ram Rai University","Patel NagarDehradun","","Uttarakhand","2(f)"
"382","Private","Shri Jagdish Prasad Jhabarmal Tibrewala University","Shri Jagdishprasad Jhabarmal Tibrewala University, Vidyanagri, Jhunjhunu Bisau Road, Chudela, District - Jhunjhunu, Rajasthan -333001Chudela, Distt.,-Jhunjhunu","333001","Rajasthan","2(f)"
"383","Private","Shri Kallaji Vedic Vishvavidyalaya","Kamdhaj Nagar,Nimbahera,Chittorgarh","","Rajasthan","2(f)"
"384","Private","Shri Khushal Das University","7 STG,  Suratgarh road,Hanumangarh Jn.,  Pilibangan","335801","Rajasthan","2(f)"
"385","Private","Shri Krishna University","NH-86Villege Chauka Sagar Road Chhatarpur M.P.Village Chowka,Sagar Road, Chhatarpur","471001","Madhya Pradesh","2(f)"
"386","Private","Shri Ramasamy Memorial University, Sikkim","SRM University Sikkim, 5th Mile, Tadong, Gangtok, East Sikkim Tadong, RanipoolP.O. Gangtok","737102","Sikkim","2(f)"
"387","Private","Shri Ramswaroop Memorial University","Vill.-Hadauri, Post-Tindola, Lucknow-Deva Road, BarabankiLucknow-Deva Road,Barabanki,","225003","Uttar Pradesh","2(f)"
"388","Private","Shri Rawatpura Sarkar University","Near Shadani Darbar, Vill-Dhaneli,Post Office- Mana, Dhamtari Road,Raipur","","Chhattisgarh","2(f) & 12(B)"
"389","Private","Shri Shankaracharya Professional University","Village Junwani, BhilaiDistt.- Durg","490020","Chhattisgarh","2(f)"
"390","Private","Shri Vaishnav Vidyapeeth Vishwavidyalaya","Ujjain Road, Indore (MP)IndoreMadhya Pradesh","453111","Madhya Pradesh","2(f)"
"391","Private","Shri Venkateshwara University","NH-24, Rajabpur, Gajraula, Amroha, Uttar PradeshGajraula,Distt:- Amroha,","244236","Uttar Pradesh","2(f)"
"392","Private","Shridhar University","Pilani-Chirawa Road, Pilani","333 031","Rajasthan","2(f)"
"393","Private","Shubham University","Semra Saiyad,Tehsil-HuzurDist.- Bhopal","462010","Madhya Pradesh","2(f)"
"394","Private","Shyam University","Dehla-Didwana, Tehsil Lalsot, Distt. Dausa, RajasthanLalsot,Distt- Dausa","303511","Rajasthan","2(f)"
"395","Private","Sigma University","Bakrol, Ajwa-Nimeta Road, Waghodiya, Vadodara","390019","Gujarat","2(f)"
"396","Private","Sikkim Alpine University (Formerly EIILM University)","Kamrang,Namchi,Dist.- South Sikkim","737126","Sikkim","2(f)"
"397","Private","Sikkim Global Technical University","Link Road, Bhutia Basti, District Namchi, Opp. to Reliance","737126","Sikkim","2(f)"
"398","Private","Sikkim International University","P.O. SribadamP.S. Kaluk, West SikkimSikkim-737121","737121","Sikkim","2(f)"
"399","Private","Sikkim Manipal University","5th Mile Tadong, GangtokEast Sikkim","737102","Sikkim","2(f)"
"400","Private","Sikkim Professional University (Formerly Vinayaka Missions Sikkim University)","NH 31-A Tadong, Gangtok,East Sikkim","737 102","Sikkim","2(f)"
"401","Private","Sikkim Skill University","Namthang,Namthang Bazaar,South Sikkim,","737137","Sikkim","2(f)"
"402","Private","Silicon University","Silicon Hills, Patia, District- Khorda, Bhubaneswar","751024","Odisha","2(f)"
"403","Private","Silver Oak University","Nr. Bhavik Publications, Opp. Bhagwat Vidhyapith, S.G. Highway, Gota,Ahmedabad Gota,Ahmedabad","382481","Gujarat","2(f)"
"404","Private","Singhania University","Pacheri BariDistrict Jhunjhunu","333515","Rajasthan","2(f)"
"405","Private","Sir Padmapat Singhania University","Bhatewar, Udiapur","313 601","Rajasthan","2(f)"
"406","Private","Sister Nivedita University","DG-1/2, ACTION AREA-I, NEWTOWN, KOLKATARajarhatKolkata","700156","West Bengal","2(f)"
"407","Private","SKIPS University","Plot No. 411, Sanavad, Kalol, Gandhinagar","382721","Gujarat","2(f)"
"408","Private","Smt. Manjira Devi University","Hitanu Dhanari, Dunda, Uttarkashi","249151","Uttarakhand","2(f)"
"409","Private","Somaiya Vidyavihar University","Office of the Registrar, 101, AryaBhat Building, Somaiya Vidyavihar UniversityVidyavihar (East), Mumbai","400077","Maharashtra","2(f)"
"410","Private","Sona Devi University","Kitadih, PO & PS Ghatsila North Maubhandar, East Singhbhum","832303","Jharkhand","2(f)"
"411","Private","Sparsh Himalaya University","Headquarter Fatehpur Tanda, Jeevanwala, Via Doiwala, Dehradun","248140","Uttarakhand","2(f)"
"412","Private","Spicer Adventist University","Aundh Road,Ganeshkhind Post,Pune","411007","Maharashtra","2(f)"
"413","Private","Sreenidhi University","Yamnampet (Village), Ghatkesar (Mandal), Medchal-Malkajgiri District, Hyderabad","501301","Telangana","2(f)"
"414","Private","Sri Aurobindo University","SAIMS Campus,Indore-Ujjain State Highway,Near MR-10 Crossing, Sanwer Road, Indore","453555","Madhya Pradesh","2(f)"
"415","Private","Sri Balaji University, Pune","SNo.55/2-7,Tathawade, off Mumbai-Banglore BypassPune","411033","Maharashtra","2(f)"
"416","Private","Sri Guru Granth Sahib World University","Fatehgarh Sahib","140 406","Punjab","2(f)"
"417","Private","Sri Guru Ram Das University of Health Sciences","Sri Guru Ram Das University of Health Sciences, Mehta Road, VallahSri Amritsar","143501","Punjab","2(f)"
"418","Private","Sri Jagadhguru Murugarajendra University","SJM Camus,Chitradurga","577502","Karnataka","2(f)"
"419","Private","Sri Sai University","Sungal, P.O.: TaragarhPalampur","176081","Himachal Pradesh","2(f)"
"420","Private","Sri Sathya Sai University for Human Excellence","Sri Sathya Sai Vidyaniketanam Campus,Navanihala, Post-Okali,Taluk-Kamalpur, Dist- Kalburagi","585313","Karnataka","2(f)"
"421","Private","Sri Satya Sai University of Technology & Medical Sciences","Opp.Oilfed Plant, Bhopal-Indore Road, Sehore (M.P)Opposite Pachama Oil Fed PlantPachama Sehore","466001","Madhya Pradesh","2(f)"
"422","Private","Sri Sri University","Ward No – 3, Sandhapur, Godi Sahi, Cuttack Vidhayadharpur, Odisha 754006Godi Sahi, Ward No. 3 Cuttack Odisha.","754006","Odisha","2(f) & 12(B)"
"423","Private","Srinath University","Dindli, AdityapurJamshedpur","831013","Jharkhand","2(f)"
"424","Private","Srinivas University","Srinivas Nagar, Mukka, MangaloreCampus, Srinivas Nagar, Mukka, SurathkalMangalore","574146","Karnataka","2(f)"
"425","Private","SRM University","Plot No - 39, Rajiv Gandhi Education City, Post office - P.SRai,Sonepat","131029","Haryana","2(f)"
"426","Private","SRM University","Neerukonda Post, Mangalagiri Mandal, Gantur District","522240","Andhra Pradesh","2(f)"
"427","Private","St. Joseph University","Virgin Town, Khekiho-Zhimomi RoadIkishe Model Village,Ps- Diphupar, Dimapur","797115","Nagaland","2(f)"
"428","Private","St. Joseph's University","P O Box 27094, #36, Lalbagh RoadBengaluru","560027","Karnataka","2(f)"
"429","Private","St. Xavier's University, Kolkata","Action Area III-B, Newtown, Kolkata, West BengalAction Area IIIB,P.S. New Town, Kolkata","700160","West Bengal","2(f)"
"430","Private","Starex University","NH-8, Vill., Binola, P.O. Bhorakalan, Gurugram","122413","Haryana","2(f)"
"431","Private","Sunrise University","Bagad Rajput Tech. Ramgarh, Alwar Rajasthan","","Rajasthan","2(f)"
"432","Private","Surajmal University","Sirauli, Kichha,Udham Singh Nagar","263148","Uttarakhand","2(f)"
"433","Private","Surendranagar University","Shree Pandit Nathulalji Vyas Technical CampusSurendranagar- Ahmedabad HighwayNear Kothariya Village,At Wadhwan","363030","Gujarat","2(f)"
"434","Private","Suresh Gyan Vihar University","MAHAL, JAGATPURA, JAIPURJaipur","302017","Rajasthan","2(f)"
"435","Private","Sushant University (Formerly Ansal University)","Sec 55 Golf Course Road GurugramSector 55, Golf Course Road,Gurugram","122003","Haryana","2(f)"
"436","Private","Swami Rama Himalayan University","Swami Ram Nagar, Jolly Grant,  Dehradun,  Uttarakhand, PO-Doiwala, Dehradun","248016","Uttarakhand","2(f)"
"437","Private","Swami Vivekanand University","N.H.26, Narsingpur Road, SironjaSagar","470 228","Madhya Pradesh","2(f)"
"438","Private","Swami Vivekananda Subharti University","Subhartipuram, NH-58, Delhi-Haridwar Bypass Road, Meerut, Uttar PradeshBypass Road, Meerut","250005","Uttar Pradesh","2(f)"
"439","Private","Swami Vivekananda University","Sewli, Telinipara, Bara Kanthalia, Barasat - Barrackpore Rd., Kolkata, West BengalNorth 24 Paraganas, Barrackpore, Kolkata","700121","West Bengal","2(f)"
"440","Private","Swaminarayan University","Shree Swaminarayan Vishvamangal GurukulAhmedabad-Nehsana HighwayAT & PO- Saij, Tehsil -Kalol, Dist.:,Gandhinagar","382725","Gujarat","2(f)"
"441","Private","Swarnim Startup & Innovation University","Bhoyan Rathod, GandhinagarOpp. IFFCO,Adalaj-Sertha Road, Gandhinagar","382420","Gujarat","2(f)"
"442","Private","Symbiosis Skills and Professional University (Formerly Symbiosis Skill and Open University)","Kiwale, Adjoining Pune Mumbai Expressway, Pune - 412 101Adjoining Pune Mumbai Expressway,Tal- Havely, Pune","412101","Maharashtra","2(f)"
"443","Private","Symbiosis University of Applied Sciences (SUAS)","Symbiosis University of Applied Sciences, Bada Bangarda, Super Corridor, Near Airport, IndoreSuper Corridor,Indore","453112","Madhya Pradesh","2(f)"
"444","Private","T. S. Mishra University","17/9, Windsor Place, Behind Yojna Bhawan, Lucknow","226008","Uttar Pradesh","2(f)"
"445","Private","Tantia University","Near RIICO Bus StandHanumangarh RoadSri Ganganagar","335002","Rajasthan","2(f)"
"446","Private","Team Lease Skills University","Tarsali-Vadodara RoadTarsali Bypass, Vadodara","390 009","Gujarat","2(f)"
"447","Private","Techno Global University","Lateri RoadSirouj (Near Gosala)Distt. Vidisha","464228","Madhya Pradesh","2(f)"
"448","Private","Techno India University","Maheshkhola, Village Anandanagar, PS- Amtali, dist-West Tripura,","799004","Tripura","2(f)"
"449","Private","Techno India University","EM 4, Sector V, Salt Lake, Kolkata-700091Salt LakeKolkata","700091","West Bengal","2(f)"
"450","Private","Teerthanker Mahaveer University","N.H.-24, Delhi Road, Moradabad - 244001, Uttar Pradesh","244001","Uttar Pradesh","2(f) & 12(B)"
"451","Private","The Apollo University","The Apollo Knoledge City, Saketa, Murukambattu, Chittoor","517127","Andhra Pradesh","2(f)"
"452","Private","The Aryavart International University","Tilthal, Dharmanagar, North Tripura","799260","Tripura","2(f)"
"453","Private","The Assam Kaziranga University","Jorhat, Assam","785006","Assam","2(f)"
"454","Private","The Assam Royal Global University","Betkuchi, Opp Tirupati Balaji Temple, Guwahati","781035","Assam","2(f)"
"455","Private","The Charutar Vidya Mandal(CVM) University","Besides BVM College, Vallabh Vidyanagar, Distt.- Anand","388120","Gujarat","2(f)"
"456","Private","The Dhamma Dipa International Buddhist University","P.O. Bishnupur, Manu Bankul, Sabroom, South Tripura","799145","Tripura","2(f)"
"457","Private","The Global Open University","Sodzulhou Village, PO-ARTC, NH-39, Dimapur, NagalandSodzulhou Village, PO-ARTCNH-29, Dimapur","797115","Nagaland","2(f)"
"458","Private","The Global University","Hollongi, Itanagar, Distt-Papum Pare","791111","Arunachal Pradesh","2(f)"
"459","Private","The Glocal University","Delhi Yamunotri Marg, State Highway 57, Mirzapur Pole, District Saharanpur, Uttar PradeshMirzapur Pole, SaharanpurUttar Pradesh","247121","Uttar Pradesh","2(f) & 12(B)"
"460","Private","The ICFAI University","The ICFAI University, Dehradun Rajawala Road, Central Hope Town, Selaqui, Dehradun , UttarakhandSelaqui,Dehradun","248011","Uttarakhand","2(f)"
"461","Private","The ICFAI University","Agartala -Simna Road,PO: Kamalghat,West Tripura","799210","Tripura","2(f)"
"462","Private","The ICFAI University Sikkim","(ICFAI), Sikkim, Ranka Road, Lower Sichey, Gangtok","737101","Sikkim","2(f)"
"463","Private","The Institute of Chartered Financial Analysts of India University","Durtlang North, AizawlMizoram","796015","Mizoram","2(f)"
"464","Private","The Institute of Chartered Financial Analysts of India University","Phawa Ville, Dhankheti Circular Rd,Tura BazarShillong","793001","Meghalaya","2(f)"
"465","Private","The Institute of Chartered Financial Analysts of India University","Plot No. 2065, Daladali Chowk, Simalia, Near Ring Road, Ranchi-835222, JharkhandRanchi","835222","Jharkhand","2(f)"
"466","Private","The Neotia University","Jhinga, Sarisa,D.H.Road24 Parganas(S)","743368","West Bengal","2(f)"
"467","Private","The Northcap University ( Formerly ITM University)","The NothCap University, Sector 23A, Gurugram","122017","Haryana","2(f) & 12(B)"
"468","Private","The University of Trans-Disciplinary Health Sciences and Technology","74/2, Jarakabande Kaval,Yelahanka, Via Attur PostBanglore","560064","Karnataka","2(f)"
"469","Private","Transstadia University","Opposite Kankaria Gate No.-3KankariaAhmedabad","380022","Gujarat","2(f)"
"470","Private","UKA Tarsadia University","Maliba Campus, Gopal Vidyanagar Baroli-Mahuva Road Dist. Surat, Gujarat","394 350","Gujarat","2(f)"
"471","Private","United University","Rawatpur, Prayagraj","211012","Uttar Pradesh","2(f)"
"472","Private","Universal Ai University","Village Kushival, Kushinili, Taluka Karjat","410021","Maharashtra","2(f)"
"473","Private","University of Engineering & Management","Jaipur, Rajasthan","","Rajasthan","2(f)"
"474","Private","University of Engineering and Management","UNIVERSITY AREA, PLOT NO. III – B/5, NEW TOWN, ACTION AREA – III, KOLKATA – 700 160, KOLKATA, KOLKATA, West Bengal, 700160Main Arterial Road (East-West),New town, Action Area-III, Kolkata","700160","West Bengal","2(f)"
"475","Private","University of Patanjali","Mahrish Dayanad Gram,Delhi HaridwarNational Highway, Near BahadrabadHaridwar","","Uttarakhand","2(f)"
"476","Private","University of Petroleum and Energy Studies","Energy Acres Bidholi Via Prem Nagar, Dehradun, UttarakhandDehradun","248007","Uttarakhand","2(f)"
"477","Private","University of Science & Technology, Meghalaya","Techno City,Kling Road 9th Mile, BariduaDist. Ri-Bhoi","793101","Meghalaya","2(f)"
"478","Private","University of Technology","Vatika,Tehsil-Sanganer,Jaipur","","Rajasthan","2(f)"
"479","Private","UPL University of Sustainable Technology","Block No. 402, At & PO, Vataria, Taluka Valia,District Bharuch","","Gujarat","2(f)"
"480","Private","Usha Martin University","Ranchi Purulia Road, Vill.- Narayan Soso, Nera Angara Block Office, Anagar, Ranchi, JharkhandRanchi Khunti Road,NH-75, Ranchi","835103","Jharkhand","2(f)"
"481","Private","Uttaranchal University","Arcadia GrantP.O. ChandanwariPrem Nagar, Dehradun","248007","Uttarakhand","2(f) & 12(B)"
"482","Private","Vanita Vishram Women's University","Jawaharlal Nehru Marg,  Athwa Gate, Surat","395001","Gujarat","2(f)"
"483","Private","Varun Arjun University","NH-24, Banthra, Dist. Shahjahanpur","242307","Uttar Pradesh","2(f)"
"484","Private","Venkateshwara Open University","Lekhi Village, Naharlagun, Distt. Papum Pare","791110","Arunachal Pradesh","2(f)"
"485","Private","Vidhyadeep University","Anita (Kim), Tal Olpad, District Surat","394110","Gujarat","2(f)"
"486","Private","Vidyashilp University","No. 125, Bettenahalli,Kundana Hobli, Chapparkallu Road,Bengaluru","562110","Karnataka","2(f)"
"487","Private","Vijaybhoomi University","CAMPUS : VILLAGE JAMRUNG, TEHSIL KARJAT, DISTRICT RAIGAD, MAHARASHTRATaluka Karjat,Dist Raigad","410201","Maharashtra","2(f)"
"488","Private","Vikrant University","Village- Ratwai,Chitora RoadBada GaonMorar","474009","Madhya Pradesh","2(f)"
"489","Private","Vishwakarma University","Survey No 2,3,4 Laxminagar, Kondhwa (Bk.) Pune Laxmi NagarKondhwa Budruk, Pune","411048","Maharashtra","2(f)"
"490","Private","VIT Bhopal University","Bhopal-Indore Highway, Kothrikalan, SehoreKothrikalan, Sehore,Bhopal","466114","Madhya Pradesh","2(f)"
"491","Private","VIT-AP University","Ainavolu Village, Thullur Mandalam, Amaravati, Guntur","522237","Andhra Pradesh","2(f)"
"492","Private","Vivekananda Global University","Sector 36, Sisyawas, NRI RoadJagatpura Jaipur","303 012","Rajasthan","2(f)"
"493","Private","William Carey University","Nongmensong, Umkdait, Near Border Roads Organisatio, Shillong - 793019, Meghalaya - IndiaUmkdait,Shillong","793019","Meghalaya","2(f)"
"494","Private","World University Of Design","Plot no 1, Rajiv Gandhi Education City, Rai, Sonepat, Haryana","131029","Haryana","2(f)"
"495","Private","Woxsen University","Woxsen Campus,Kamkole,Sadasivpet, Medak District","","Telangana","2(f)"
"496","Private","XIM university","Plot No:12(A) Nijigada Kurki  Harirajpur  Dist-Puri Odisha, India","752050","Odisha","2(f) & 12(B)"
"497","Private","YBN University","Rajaulatu, Namkum, Ranchi-10 Ranchi","834010","Jharkhand","2(f)"